{"cameraMode":{"drawMode":0,"name":"Shaded","section":"Shading Mode"},"sceneLighting":false,"audioPlay":false,"sceneViewState":{"showFog":true,"showMaterialUpdate":false,"showSkybox":false,"showFlares":true,"showImageEffects":true,"showParticleSystems":true},"in2DMode":false,"pivot":{"x":3.336427927017212,"y":-1.648758888244629,"z":0.21322670578956605},"rotation":{"x":0.1492299735546112,"y":0.6840159893035889,"z":-0.14600016176700593,"w":0.6990121006965637},"size":2.4248712062835695,"orthographic":false}