{"cameraMode":{"drawMode":0,"name":"Shaded","section":"Shading Mode"},"sceneLighting":true,"audioPlay":false,"sceneViewState":{"showFog":true,"showMaterialUpdate":false,"showSkybox":true,"showFlares":true,"showImageEffects":true,"showParticleSystems":true},"in2DMode":false,"pivot":{"x":-16.27027702331543,"y":-5.254307746887207,"z":-0.49921417236328127},"rotation":{"x":-0.12529882788658143,"y":0.7190865278244019,"z":-0.13442619144916535,"w":-0.6702425479888916},"size":10.0,"orthographic":false}