{"cameraMode":{"drawMode":0,"name":"Shaded","section":"Shading Mode"},"sceneLighting":false,"audioPlay":false,"sceneViewState":{"showFog":true,"showMaterialUpdate":false,"showSkybox":false,"showFlares":true,"showImageEffects":true,"showParticleSystems":true},"in2DMode":false,"pivot":{"x":0.0,"y":12.498050689697266,"z":0.22072601318359376},"rotation":{"x":-0.1078796535730362,"y":0.06349587440490723,"z":-0.006895075552165508,"w":-0.9921256303787231},"size":22.075544357299806,"orthographic":false}