{"cameraMode":{"drawMode":0,"name":"Shaded","section":"Shading Mode"},"sceneLighting":false,"audioPlay":false,"sceneViewState":{"showFog":true,"showMaterialUpdate":false,"showSkybox":false,"showFlares":true,"showImageEffects":true,"showParticleSystems":true},"in2DMode":false,"pivot":{"x":0.4722890853881836,"y":0.2590036392211914,"z":0.10582637786865235},"rotation":{"x":-0.09755947440862656,"y":0.044186439365148547,"z":-0.004326500464230776,"w":-0.9942541718482971},"size":6.300018310546875,"orthographic":false}