{"cameraMode":{"drawMode":0,"name":"Shaded","section":"Shading Mode"},"sceneLighting":false,"audioPlay":false,"sceneViewState":{"showFog":true,"showMaterialUpdate":false,"showSkybox":false,"showFlares":true,"showImageEffects":true,"showParticleSystems":true},"in2DMode":false,"pivot":{"x":-0.14146947860717774,"y":0.6891852617263794,"z":0.39551419019699099},"rotation":{"x":-0.060384709388017657,"y":0.5860440731048584,"z":0.04384142905473709,"w":0.8068519234657288},"size":1.8000173568725587,"orthographic":false}