{"cameraMode":{"drawMode":0,"name":"Shaded","section":"Shading Mode"},"sceneLighting":false,"audioPlay":false,"sceneViewState":{"showFog":true,"showMaterialUpdate":false,"showSkybox":false,"showFlares":true,"showImageEffects":true,"showParticleSystems":true},"in2DMode":false,"pivot":{"x":0.27083757519721987,"y":-0.04194042831659317,"z":0.6473692059516907},"rotation":{"x":-0.11293226480484009,"y":-0.5275196433067322,"z":0.0710362046957016,"w":-0.8390378952026367},"size":0.49677008390426638,"orthographic":false}